"Crop","GCM","Impact","Has","prod","yield","low_imp","mid_imp","hig_imp","dfr_low","dfr_mid","dfr_hig"
"Cocoa","ACCESS-CM2","cope",1358561.73132239,934489.586,0.503499890385215,0.453149901346693,0.427974906827433,0.402799912308172,934489.132850099,934489.158025093,934489.183200088
"Cocoa","ACCESS-ESM1-5","cope",1118921.74116163,934489.586,0.516775125891887,0.465097613302698,0.439258857008104,0.413420100713509,934489.120902387,934489.146741143,934489.172579899
"Cocoa","AWI-CM-1-1-MR","cope",837152.457132934,934489.586,0.536536864868537,0.482883178381683,0.456056335138256,0.42922949189483,934489.103116822,934489.129943665,934489.156770508
"Cocoa","BCC-CSM2-MR","cope",831129.665205948,934489.586,0.555751422374957,0.500176280137462,0.472388709018714,0.444601137899966,934489.08582372,934489.113611291,934489.141398862
"Cocoa","CanESM5-CanOE","cope",1253045.23317403,934489.586,0.523358064654035,0.471022258188631,0.444854354955929,0.418686451723228,934489.114977742,934489.141145645,934489.167313548
"Cocoa","CanESM5","cope",1253045.23317403,934489.586,0.523358064654035,0.471022258188631,0.444854354955929,0.418686451723228,934489.114977742,934489.141145645,934489.167313548
"Cocoa","CMCC-ESM2","cope",1312683.63676705,934489.586,0.537622826552975,0.483860543897677,0.456979402570029,0.43009826124238,934489.102139456,934489.129020597,934489.155901739
"Cocoa","CNRM-CM6-1-HR","cope",1284384.1073827,934489.586,0.539855377958373,0.485869840162536,0.458877071264617,0.431884302366698,934489.10013016,934489.127122929,934489.154115698
"Cocoa","CNRM-CM6-1","cope",1284384.1073827,934489.586,0.539855377958373,0.485869840162536,0.458877071264617,0.431884302366698,934489.10013016,934489.127122929,934489.154115698
"Cocoa","CNRM-ESM2-1","cope",1148145.41887578,934489.586,0.481920199952011,0.43372817995681,0.409632169959209,0.385536159961609,934489.15227182,934489.17636783,934489.20046384
"Cocoa","EC-Earth3-Veg-LR","cope",1070541.65495224,934489.586,0.505043332497598,0.454538999247838,0.429286832622958,0.404034665998078,934489.131461001,934489.156713167,934489.181965334
"Cocoa","EC-Earth3-Veg","cope",1070541.65495224,934489.586,0.505043332497598,0.454538999247838,0.429286832622958,0.404034665998078,934489.131461001,934489.156713167,934489.181965334
"Cocoa","GFDL-ESM4","cope",975969.581081718,934489.586,0.520814443490461,0.468732999141415,0.442692276966892,0.416651554792369,934489.117267001,934489.143307723,934489.169348445
"Cocoa","GISS-E2-1-G","cope",1420613.01266375,934489.586,0.528109637245934,0.47529867352134,0.448893191659044,0.422487709796747,934489.110701327,934489.137106808,934489.16351229
"Cocoa","GISS-E2-1-H","cope",1421788.43539974,934489.586,0.550185409037432,0.495166868133689,0.467657597681817,0.440148327229946,934489.090833132,934489.118342402,934489.145851673
"Cocoa","INM-CM4-8","cope",1407268.55510449,934489.586,0.554678222880117,0.499210400592105,0.471476489448099,0.443742578304093,934489.086789599,934489.114523511,934489.142257422
"Cocoa","INM-CM5-0","cope",1436721.6734321,934489.586,0.549740499595804,0.494766449636223,0.467279424656433,0.439792399676643,934489.09123355,934489.118720575,934489.1462076
"Cocoa","IPSL-CM6A-LR","cope",1384976.3539993,934489.586,0.51432971862385,0.462896746761465,0.437180260830272,0.41146377489908,934489.123103253,934489.148819739,934489.174536225
"Cocoa","MIROC-ES2L","cope",1334245.64756647,934489.586,0.519231300575157,0.467308170517642,0.441346605488884,0.415385040460126,934489.118691829,934489.144653394,934489.17061496
"Cocoa","MIROC6","cope",1224082.79987854,934489.586,0.548439036494632,0.493595132845169,0.466173181020437,0.438751229195706,934489.092404867,934489.119826819,934489.147248771
"Cocoa","MPI-ESM1-2-HR","cope",1046226.44059504,934489.586,0.514799981869913,0.463319983682921,0.437579984589426,0.41183998549593,934489.122680016,934489.148420015,934489.174160014
"Cocoa","MPI-ESM1-2-LR","cope",879279.187772818,934489.586,0.537529310248207,0.483776379223387,0.456899913710976,0.430023448198566,934489.102223621,934489.129100086,934489.155976552
"Cocoa","MRI-ESM2-0","cope",1436826.15266678,934489.586,0.555634485048051,0.500071036543246,0.472289312290843,0.444507588038441,934489.085928963,934489.113710688,934489.141492412
"Cocoa","UKESM1-0-LL","cope",1360814.47049266,934489.586,0.520222469880554,0.468200222892499,0.442189099398471,0.416177975904443,934489.117799777,934489.143810901,934489.169822024
"Cashew","ACCESS-CM2","cope",105334.64706232,97794.184,0.589937256262667,0.5309435306364,0.501446667823267,0.471949805010133,97793.6530564694,97793.6825533322,97793.712050195
"Cashew","ACCESS-ESM1-5","cope",108150.533624429,97794.184,0.584604717805698,0.526144246025129,0.496914010134844,0.467683774244559,97793.657855754,97793.6870859899,97793.7163162257
"Cashew","AWI-CM-1-1-MR","cope",120382.012033243,97794.184,0.584244059423748,0.525819653481373,0.496607450510186,0.467395247538998,97793.6581803465,97793.6873925495,97793.7166047525
"Cashew","BCC-CSM2-MR","cope",115513.096185822,97794.184,0.587783119976246,0.529004807978622,0.499615651979809,0.470226495980997,97793.654995192,97793.684384348,97793.713773504
"Cashew","CanESM5-CanOE","cope",108639.242175333,97794.184,0.584904552461069,0.526414097214962,0.497168869591909,0.467923641968855,97793.6575859028,97793.6868311304,97793.716076358
"Cashew","CanESM5","cope",108639.242175333,97794.184,0.584904552461069,0.526414097214962,0.497168869591909,0.467923641968855,97793.6575859028,97793.6868311304,97793.716076358
"Cashew","CMCC-ESM2","cope",107457.170098074,97794.184,0.579211426771039,0.521290284093935,0.492329712755383,0.463369141416831,97793.6627097159,97793.6916702872,97793.7206308586
"Cashew","CNRM-CM6-1-HR","cope",112488.526353102,97794.184,0.590613896950807,0.531552507255726,0.502021812408186,0.472491117560646,97793.6524474927,97793.6819781876,97793.7115088824
"Cashew","CNRM-CM6-1","cope",112488.526353102,97794.184,0.590613896950807,0.531552507255726,0.502021812408186,0.472491117560646,97793.6524474927,97793.6819781876,97793.7115088824
"Cashew","CNRM-ESM2-1","cope",114698.772480953,97794.184,0.589810332286787,0.530829299058108,0.501338782443769,0.47184826582943,97793.6531707009,97793.6826612176,97793.7121517342
"Cashew","EC-Earth3-Veg-LR","cope",84228.6828200631,97794.184,0.581057776794312,0.522951999114881,0.493899110275165,0.46484622143545,97793.6610480009,97793.6901008897,97793.7191537786
"Cashew","EC-Earth3-Veg","cope",84228.6828200631,97794.184,0.581057776794312,0.522951999114881,0.493899110275165,0.46484622143545,97793.6610480009,97793.6901008897,97793.7191537786
"Cashew","GFDL-ESM4","cope",104865.587534089,97794.184,0.576868683316628,0.519181814984966,0.490338380819134,0.461494946653303,97793.664818185,97793.6936616192,97793.7225050533
"Cashew","GISS-E2-1-G","cope",114618.46851166,97794.184,0.591127838840939,0.532015054956845,0.502458663014798,0.472902271072752,97793.651984945,97793.681541337,97793.7110977289
"Cashew","GISS-E2-1-H","cope",110390.59594119,97794.184,0.596497755590021,0.536847980031019,0.507023092251518,0.477198204472017,97793.64715202,97793.6769769077,97793.7068017955
"Cashew","INM-CM4-8","cope",103635.624794144,97794.184,0.590492495102993,0.531443245592694,0.501918620837544,0.472393996082394,97793.6525567544,97793.6820813792,97793.7116060039
"Cashew","INM-CM5-0","cope",100394.218284104,97794.184,0.595403878151744,0.53586349033657,0.506093296428982,0.476323102521395,97793.6481365097,97793.6779067036,97793.7076768975
"Cashew","IPSL-CM6A-LR","cope",110707.755565815,97794.184,0.590136529507973,0.531122876557175,0.501616050081777,0.472109223606378,97793.6528771234,97793.6823839499,97793.7118907764
"Cashew","MIROC-ES2L","cope",108261.14526822,97794.184,0.59291694138359,0.533625247245231,0.503979400176052,0.474333553106872,97793.6503747527,97793.6800205998,97793.7096664469
"Cashew","MIROC6","cope",121055.260632191,97794.184,0.584360019556421,0.525924017600779,0.496706016622958,0.467488015645137,97793.6580759824,97793.6872939834,97793.7165119844
"Cashew","MPI-ESM1-2-HR","cope",121780.488799851,97794.184,0.575193997674333,0.5176745979069,0.488914898023183,0.460155198139466,97793.6663254021,97793.695085102,97793.7238448019
"Cashew","MPI-ESM1-2-LR","cope",104385.908533607,97794.184,0.579366831421619,0.521430148279457,0.492461806708376,0.463493465137295,97793.6625698517,97793.6915381933,97793.7205065349
"Cashew","MRI-ESM2-0","cope",110054.726189155,97794.184,0.595899675386706,0.536309707848035,0.5065147240787,0.476719740309365,97793.6476902921,97793.6774852759,97793.7072802597
"Cashew","UKESM1-0-LL","cope",108743.407418899,97794.184,0.596742625266695,0.537068362740025,0.50723123147669,0.477394100213356,97793.6469316373,97793.6767687685,97793.7066058998
"Coconut","ACCESS-CM2","cope",70650.904192741,490312.672,6.14676696275763,5.53209026648187,5.22475191834399,4.91741357020611,490307.139909734,490307.447248082,490307.75458643
"Coconut","ACCESS-ESM1-5","cope",53741.4180457024,490312.672,7.74631219689998,6.97168097720998,6.58436536736498,6.19704975751998,490305.700319023,490306.087634633,490306.474950242
"Coconut","AWI-CM-1-1-MR","cope",72089.609721248,490312.672,5.71866116075543,5.14679504467989,4.86086198664211,4.57492892860434,490307.525204955,490307.811138013,490308.097071071
"Coconut","BCC-CSM2-MR","cope",41128.3237116383,490312.672,8.46676080974071,7.62008472876664,7.1967466882796,6.77340864779257,490305.051915271,490305.475253312,490305.898591352
"Coconut","CanESM5-CanOE","cope",73809.6963753691,490312.672,5.18958898611908,4.67063008750718,4.41115063820122,4.15167118889527,490308.001369913,490308.260849362,490308.520328811
"Coconut","CanESM5","cope",73809.6963753691,490312.672,5.18958898611908,4.67063008750718,4.41115063820122,4.15167118889527,490308.001369913,490308.260849362,490308.520328811
"Coconut","CMCC-ESM2","cope",71390.5726891439,490312.672,5.87776148463053,5.28998533616748,4.99609726193595,4.70220918770442,490307.382014664,490307.675902738,490307.969790812
"Coconut","CNRM-CM6-1-HR","cope",75986.1141291158,490312.672,5.58370460847243,5.02533414762519,4.74614891720157,4.46696368677795,490307.646665852,490307.925851083,490308.205036313
"Coconut","CNRM-CM6-1","cope",75986.1141291158,490312.672,5.58370460847243,5.02533414762519,4.74614891720157,4.46696368677795,490307.646665852,490307.925851083,490308.205036313
"Coconut","CNRM-ESM2-1","cope",72463.6605135566,490312.672,5.41883407047263,4.87695066342536,4.60600895990173,4.3350672563781,490307.795049337,490308.06599104,490308.336932744
"Coconut","EC-Earth3-Veg-LR","cope",56857.1722627394,490312.672,7.07671888011897,6.36904699210707,6.01521104810113,5.66137510409518,490306.302953008,490306.656788952,490307.010624896
"Coconut","EC-Earth3-Veg","cope",56857.1722627394,490312.672,7.07671888011897,6.36904699210707,6.01521104810113,5.66137510409518,490306.302953008,490306.656788952,490307.010624896
"Coconut","GFDL-ESM4","cope",73444.6539852927,490312.672,5.75727062174811,5.1815435595733,4.89368002848589,4.60581649739849,490307.49045644,490307.778319972,490308.066183503
"Coconut","GISS-E2-1-G","cope",73057.1959383842,490312.672,4.99183375478286,4.49265037930458,4.24305869156543,3.99346700382629,490308.179349621,490308.428941308,490308.678532996
"Coconut","GISS-E2-1-H","cope",72519.8408504399,490312.672,5.34401998959572,4.80961799063615,4.54241699115636,4.27521599167658,490307.862382009,490308.129583009,490308.396784008
"Coconut","INM-CM4-8","cope",55851.7394135455,490312.672,7.32466247126278,6.5921962241365,6.22596310057336,5.85972997701022,490306.079803776,490306.446036899,490306.812270023
"Coconut","INM-CM5-0","cope",73426.5376924546,490312.672,5.90545023863034,5.31490521476731,5.01963270283579,4.72436019090427,490307.357094785,490307.652367297,490307.947639809
"Coconut","IPSL-CM6A-LR","cope",73777.9862980917,490312.672,5.80133089598163,5.22119780638347,4.93113126158439,4.64106471678531,490307.450802194,490307.740868738,490308.030935283
"Coconut","MIROC-ES2L","cope",74292.7839771518,490312.672,5.59970965278652,5.03973868750787,4.75975320486854,4.47976772222921,490307.632261313,490307.912246795,490308.192232278
"Coconut","MIROC6","cope",76574.8073324487,490312.672,5.54005544971282,4.98604990474153,4.70904713225589,4.43204435977025,490307.685950095,490307.962952868,490308.23995564
"Coconut","MPI-ESM1-2-HR","cope",75250.3539974391,490312.672,5.44448439944078,4.90003595949671,4.62781173952467,4.35558751955263,490307.771964041,490308.044188261,490308.31641248
"Coconut","MPI-ESM1-2-LR","cope",68721.0148467971,490312.672,5.83208090113082,5.24887281101774,4.9572687659612,4.66566472090466,490307.423127189,490307.714731234,490308.006335279
"Coconut","MRI-ESM2-0","cope",72073.2812586846,490312.672,5.42498224524746,4.88248402072271,4.61123490846034,4.33998579619797,490307.789515979,490308.060765092,490308.332014204
"Coconut","UKESM1-0-LL","cope",72869.4301811466,490312.672,5.34350320080468,4.80915288072421,4.54197772068398,4.27480256064374,490307.862847119,490308.130022279,490308.397197439
"Oil palm","ACCESS-CM2","cope",313353.17034629,276773.16,0.713989611323206,0.642590650190885,0.606891169624725,0.571191689058565,276772.51740935,276772.55310883,276772.588808311
"Oil palm","ACCESS-ESM1-5","cope",334184.151127366,276773.16,0.731631783408583,0.658468605067724,0.621887015897295,0.585305426726866,276772.501531395,276772.538112984,276772.574694573
"Oil palm","AWI-CM-1-1-MR","cope",354571.147941601,276773.16,0.735453695108197,0.661908325597377,0.625135640841967,0.588362956086557,276772.498091674,276772.534864359,276772.571637044
"Oil palm","BCC-CSM2-MR","cope",349533.699664789,276773.16,0.74441596877867,0.669974371900803,0.63275357346187,0.595532775022936,276772.490025628,276772.527246426,276772.564467225
"Oil palm","CanESM5-CanOE","cope",315910.206344105,276773.16,0.722065972723811,0.64985937545143,0.61375607681524,0.577652778179049,276772.510140625,276772.546243923,276772.582347222
"Oil palm","CanESM5","cope",315910.206344105,276773.16,0.722065972723811,0.64985937545143,0.61375607681524,0.577652778179049,276772.510140625,276772.546243923,276772.582347222
"Oil palm","CMCC-ESM2","cope",350616.416723656,276773.16,0.721298793148831,0.649168913833948,0.613103974176507,0.577039034519065,276772.510831086,276772.546896026,276772.582960965
"Oil palm","CNRM-CM6-1-HR","cope",334775.97350111,276773.16,0.723531382594544,0.651178244335089,0.615001675205362,0.578825106075635,276772.508821756,276772.544998325,276772.581174894
"Oil palm","CNRM-CM6-1","cope",334775.97350111,276773.16,0.723531382594544,0.651178244335089,0.615001675205362,0.578825106075635,276772.508821756,276772.544998325,276772.581174894
"Oil palm","CNRM-ESM2-1","cope",343613.548113029,276773.16,0.725994115697268,0.653394704127541,0.617094998342678,0.580795292557814,276772.506605296,276772.542905002,276772.579204707
"Oil palm","EC-Earth3-Veg-LR","cope",359523.92600851,276773.16,0.740087586288294,0.666078827659464,0.62907444834505,0.592070069030635,276772.493921172,276772.530925552,276772.567929931
"Oil palm","EC-Earth3-Veg","cope",359523.92600851,276773.16,0.740087586288294,0.666078827659464,0.62907444834505,0.592070069030635,276772.493921172,276772.530925552,276772.567929931
"Oil palm","GFDL-ESM4","cope",308566.979617134,276773.16,0.718973063124304,0.647075756811874,0.611127103655659,0.575178450499443,276772.512924243,276772.548872896,276772.584821549
"Oil palm","GISS-E2-1-G","cope",319445.9304996,276773.16,0.725098592100881,0.652588732890793,0.616333803285748,0.580078873680704,276772.507411267,276772.543666197,276772.579921126
"Oil palm","GISS-E2-1-H","cope",314867.290450899,276773.16,0.720484879543794,0.648436391589415,0.612412147612225,0.576387903635035,276772.511563608,276772.547587852,276772.583612096
"Oil palm","INM-CM4-8","cope",357999.861778226,276773.16,0.738859915205934,0.66497392368534,0.628030927925044,0.591087932164747,276772.495026076,276772.531969072,276772.568912068
"Oil palm","INM-CM5-0","cope",357677.417248359,276773.16,0.727129762428283,0.654416786185454,0.61806029806404,0.581703809942626,276772.505583214,276772.541939702,276772.57829619
"Oil palm","IPSL-CM6A-LR","cope",322235.755544644,276773.16,0.720880278412139,0.648792250570925,0.612748236650318,0.576704222729711,276772.511207749,276772.547251763,276772.583295777
"Oil palm","MIROC-ES2L","cope",326045.907596178,276773.16,0.718619511545061,0.646757560390555,0.610826584813302,0.574895609236049,276772.51324244,276772.549173415,276772.585104391
"Oil palm","MIROC6","cope",347674.67955156,276773.16,0.72599937784131,0.653399440057179,0.617099471165113,0.580799502273048,276772.50660056,276772.542900529,276772.579200498
"Oil palm","MPI-ESM1-2-HR","cope",356985.26861769,276773.16,0.7403655737255,0.66632901635295,0.629310737666675,0.5922924589804,276772.493670984,276772.530689262,276772.567707541
"Oil palm","MPI-ESM1-2-LR","cope",351466.861230244,276773.16,0.746603431543498,0.671943088389148,0.634612916811973,0.597282745234798,276772.488056912,276772.525387083,276772.562717255
"Oil palm","MRI-ESM2-0","cope",325806.899684114,276773.16,0.721624127078998,0.649461714371099,0.613380508017149,0.577299301663199,276772.510538286,276772.546619492,276772.582700698
"Oil palm","UKESM1-0-LL","cope",298069.166493344,276773.16,0.718256652680802,0.646430987412722,0.610518154778682,0.574605322144642,276772.513569013,276772.549481845,276772.585394678
"Rubber","ACCESS-CM2","cope",35750.0409284234,70900,1.06338821401003,0.957049392609028,0.903879981908527,0.850710571208025,70899.0429506074,70899.0961200181,70899.1492894288
"Rubber","ACCESS-ESM1-5","cope",42098.2717306223,70900,1.04108005342231,0.936972048080079,0.884918045408963,0.832864042737848,70899.0630279519,70899.1150819546,70899.1671359573
"Rubber","AWI-CM-1-1-MR","cope",46088.0983375311,70900,1.06843378090327,0.961590402812941,0.908168713767778,0.854747024722614,70899.0384095972,70899.0918312862,70899.1452529753
"Rubber","BCC-CSM2-MR","cope",44405.1805294249,70900,1.03928054160378,0.935352487443405,0.883388460363216,0.831424433283027,70899.0646475126,70899.1166115396,70899.1685755667
"Rubber","CanESM5-CanOE","cope",35939.0270732325,70900,1.07840243184891,0.97056218866402,0.916642067071575,0.862721945479129,70899.0294378113,70899.0833579329,70899.1372780545
"Rubber","CanESM5","cope",35939.0270732325,70900,1.07840243184891,0.97056218866402,0.916642067071575,0.862721945479129,70899.0294378113,70899.0833579329,70899.1372780545
"Rubber","CMCC-ESM2","cope",43635.3141417652,70900,1.04529641226993,0.940766771042935,0.888501950429439,0.836237129815943,70899.059233229,70899.1114980496,70899.1637628702
"Rubber","CNRM-CM6-1-HR","cope",42711.6863982063,70900,1.06291410724081,0.956622696516728,0.903476991154688,0.850331285792647,70899.0433773035,70899.0965230088,70899.1496687142
"Rubber","CNRM-CM6-1","cope",42711.6863982063,70900,1.06291410724081,0.956622696516728,0.903476991154688,0.850331285792647,70899.0433773035,70899.0965230088,70899.1496687142
"Rubber","CNRM-ESM2-1","cope",44426.5301815812,70900,1.05190873879081,0.946717864911733,0.894122427972192,0.841526991032652,70899.0532821351,70899.105877572,70899.158473009
"Rubber","EC-Earth3-Veg-LR","cope",34801.2739789709,70900,1.07629317192332,0.968663854730988,0.914849196134822,0.861034537538656,70899.0313361453,70899.0851508039,70899.1389654625
"Rubber","EC-Earth3-Veg","cope",34801.2739789709,70900,1.07629317192332,0.968663854730988,0.914849196134822,0.861034537538656,70899.0313361453,70899.0851508039,70899.1389654625
"Rubber","GFDL-ESM4","cope",47071.789643323,70900,1.01315163231178,0.9118364690806,0.861178887465011,0.810521305849422,70899.0881635309,70899.1388211125,70899.1894786942
"Rubber","GISS-E2-1-G","cope",43545.771119548,70900,1.03598188128499,0.932383693156489,0.88058459909224,0.82878550502799,70899.0676163068,70899.1194154009,70899.171214495
"Rubber","GISS-E2-1-H","cope",48457.1204744186,70900,1.03617451057019,0.932557059513169,0.88074833398466,0.82893960845615,70899.0674429405,70899.119251666,70899.1710603915
"Rubber","INM-CM4-8","cope",37390.02804894,70900,1.04526081745016,0.940734735705145,0.888471694832637,0.836208653960129,70899.0592652643,70899.1115283052,70899.163791346
"Rubber","INM-CM5-0","cope",35162.5709466338,70900,1.06633787895498,0.959704091059484,0.906387197111735,0.853070303163986,70899.0402959089,70899.0936128029,70899.1469296968
"Rubber","IPSL-CM6A-LR","cope",46946.172718104,70900,1.0473290481513,0.942596143336173,0.890229690928608,0.837863238521043,70899.0574038567,70899.1097703091,70899.1621367615
"Rubber","MIROC-ES2L","cope",37292.4117191993,70900,1.05495329492235,0.949457965430114,0.896710300683997,0.843962635937879,70899.0505420346,70899.1032896993,70899.1560373641
"Rubber","MIROC6","cope",43957.4483406637,70900,1.04111682932918,0.937005146396262,0.884949304929803,0.832893463463344,70899.0629948536,70899.1150506951,70899.1671065365
"Rubber","MPI-ESM1-2-HR","cope",45902.0447231848,70900,1.07201188321054,0.96481069488949,0.911210100728963,0.857609506568436,70899.0351893051,70899.0887898993,70899.1423904934
"Rubber","MPI-ESM1-2-LR","cope",42697.3704289123,70900,1.08775669308132,0.978981023773187,0.924593189119121,0.870205354465055,70899.0210189762,70899.0754068109,70899.1297946455
"Rubber","MRI-ESM2-0","cope",44564.5943700112,70900,1.02411430153401,0.921702871380612,0.870497156303912,0.819291441227211,70899.0782971286,70899.1295028437,70899.1807085588
"Rubber","UKESM1-0-LL","cope",35467.3551691603,70900,1.08398209895145,0.975583889056308,0.921384784108736,0.867185679161163,70899.0244161109,70899.0786152159,70899.1328143208
"Mango","ACCESS-CM2","cope",1098.01496036071,101540.618,19.3782170056913,17.4403953051221,16.4714844548376,15.502573604553,101523.177604695,101524.146515545,101525.115426395
"Mango","ACCESS-ESM1-5","cope",1748.25440358743,101540.618,18.413987573246,16.5725888159214,15.6518894372591,14.7311900585968,101524.045411184,101524.966110563,101525.886809941
"Mango","AWI-CM-1-1-MR","cope",3352.8992119031,101540.618,18.8406735982817,16.9566062384536,16.0145725585395,15.0725388786254,101523.661393762,101524.603427441,101525.545461121
"Mango","BCC-CSM2-MR","cope",2214.79066645354,101540.618,18.5272283503627,16.6745055153264,15.7481440978083,14.8217826802901,101523.943494485,101524.869855902,101525.79621732
"Mango","CanESM5-CanOE","cope",2235.02347636689,101540.618,17.0565886924596,15.3509298232137,14.4981003885907,13.6452709539677,101525.267070177,101526.119899611,101526.972729046
"Mango","CanESM5","cope",2235.02347636689,101540.618,17.0565886924596,15.3509298232137,14.4981003885907,13.6452709539677,101525.267070177,101526.119899611,101526.972729046
"Mango","CMCC-ESM2","cope",3509.50461339392,101540.618,18.4571199023336,16.6114079121002,15.6885519169835,14.7656959218669,101524.006592088,101524.929448083,101525.852304078
"Mango","CNRM-CM6-1-HR","cope",2290.48042818997,101540.618,17.2654969805063,15.5389472824557,14.6756724334304,13.812397584405,101525.079052718,101525.942327567,101526.805602416
"Mango","CNRM-CM6-1","cope",2290.48042818997,101540.618,17.2654969805063,15.5389472824557,14.6756724334304,13.812397584405,101525.079052718,101525.942327567,101526.805602416
"Mango","CNRM-ESM2-1","cope",3937.01686061267,101540.618,17.6583816810282,15.8925435129254,15.0096244288739,14.1267053448225,101524.725456487,101525.608375571,101526.491294655
"Mango","EC-Earth3-Veg-LR","cope",657.928659405559,101540.618,20.331338386418,18.2982045477762,17.2816376284553,16.2650707091344,101522.319795452,101523.336362372,101524.352929291
"Mango","EC-Earth3-Veg","cope",657.928659405559,101540.618,20.331338386418,18.2982045477762,17.2816376284553,16.2650707091344,101522.319795452,101523.336362372,101524.352929291
"Mango","GFDL-ESM4","cope",1098.11578354705,101540.618,19.3766672488419,17.4390005239577,16.4701671615156,15.5013337990735,101523.178999476,101524.147832838,101525.116666201
"Mango","GISS-E2-1-G","cope",2592.08096800838,101540.618,16.8789973165587,15.1910975849028,14.3471477190749,13.503197853247,101525.426902415,101526.270852281,101527.114802147
"Mango","GISS-E2-1-H","cope",2410.65085584391,101540.618,17.5922800934684,15.8330520841216,14.9534380794481,14.0738240747747,101524.784947916,101525.664561921,101526.544175925
"Mango","INM-CM4-8","cope",2028.81553993002,101540.618,18.417780551782,16.5760024966038,15.6551134690147,14.7342244414256,101524.041997503,101524.962886531,101525.883775559
"Mango","INM-CM5-0","cope",2407.76970367972,101540.618,17.6781387810316,15.9103249029285,15.0264179638769,14.1425110248253,101524.707675097,101525.591582036,101526.475488975
"Mango","IPSL-CM6A-LR","cope",2796.02378021274,101540.618,17.1311281077729,15.4180152969956,14.561458891607,13.7049024862183,101525.199984703,101526.056541108,101526.913097514
"Mango","MIROC-ES2L","cope",2582.52314453665,101540.618,17.0283033731439,15.3254730358295,14.4740578671723,13.6226426985151,101525.292526964,101526.143942133,101526.995357301
"Mango","MIROC6","cope",3235.19161363877,101540.618,18.0526095731414,16.2473486158273,15.3447181371702,14.4420876585132,101524.370651384,101525.273281863,101526.175912341
"Mango","MPI-ESM1-2-HR","cope",4116.61296119727,101540.618,19.5311309896946,17.5780178907251,16.6014613412404,15.6249047917556,101523.039982109,101524.016538659,101524.993095208
"Mango","MPI-ESM1-2-LR","cope",3840.41177492402,101540.618,18.2405593970259,16.4165034573233,15.504475487472,14.5924475176207,101524.201496543,101525.113524513,101526.025552482
"Mango","MRI-ESM2-0","cope",2790.21091876272,101540.618,17.3938341692427,15.6544507523185,14.7847590438563,13.9150673353942,101524.963549248,101525.833240956,101526.702932665
"Mango","UKESM1-0-LL","cope",2114.33082597796,101540.618,17.9381956505517,16.1443760854966,15.247466302969,14.3505565204414,101524.473623914,101525.370533697,101526.26744348
"Cocoa","ACCESS-CM2","adjust",489112.821994185,934489.586,0.503499890385215,0.402799912308172,0.35244992326965,0.302099934231129,934489.183200088,934489.233550077,934489.283900066
"Cocoa","ACCESS-ESM1-5","adjust",688954.722101629,934489.586,0.516775125891887,0.413420100713509,0.361742588124321,0.310065075535132,934489.172579899,934489.224257412,934489.275934924
"Cocoa","AWI-CM-1-1-MR","adjust",904553.746464036,934489.586,0.536536864868537,0.42922949189483,0.375575805407976,0.321922118921122,934489.156770508,934489.210424195,934489.264077881
"Cocoa","BCC-CSM2-MR","adjust",850247.365425766,934489.586,0.555751422374957,0.444601137899966,0.38902599566247,0.333450853424974,934489.141398862,934489.196974004,934489.252549147
"Cocoa","CanESM5-CanOE","adjust",526679.590198651,934489.586,0.523358064654035,0.418686451723228,0.366350645257824,0.314014838792421,934489.167313548,934489.219649355,934489.271985161
"Cocoa","CanESM5","adjust",526679.590198651,934489.586,0.523358064654035,0.418686451723228,0.366350645257824,0.314014838792421,934489.167313548,934489.219649355,934489.271985161
"Cocoa","CMCC-ESM2","adjust",416500.835608453,934489.586,0.537622826552975,0.43009826124238,0.376335978587082,0.322573695931785,934489.155901739,934489.209664021,934489.263426304
"Cocoa","CNRM-CM6-1-HR","adjust",442312.910393476,934489.586,0.539855377958373,0.431884302366698,0.377898764570861,0.323913226775024,934489.154115698,934489.208101235,934489.262086773
"Cocoa","CNRM-CM6-1","adjust",442312.910393476,934489.586,0.539855377958373,0.431884302366698,0.377898764570861,0.323913226775024,934489.154115698,934489.208101235,934489.262086773
"Cocoa","CNRM-ESM2-1","adjust",786777.361309558,934489.586,0.481920199952011,0.385536159961609,0.337344139966407,0.289152119971206,934489.20046384,934489.24865586,934489.29684788
"Cocoa","EC-Earth3-Veg-LR","adjust",779032.945661753,934489.586,0.505043332497598,0.404034665998078,0.353530332748318,0.303025999498559,934489.181965334,934489.232469667,934489.282974001
"Cocoa","EC-Earth3-Veg","adjust",779032.945661753,934489.586,0.505043332497598,0.404034665998078,0.353530332748318,0.303025999498559,934489.181965334,934489.232469667,934489.282974001
"Cocoa","GFDL-ESM4","adjust",817709.669341117,934489.586,0.520814443490461,0.416651554792369,0.364570110443323,0.312488666094276,934489.169348445,934489.22142989,934489.273511334
"Cocoa","GISS-E2-1-G","adjust",347727.625324786,934489.586,0.528109637245934,0.422487709796747,0.369676746072154,0.31686578234756,934489.16351229,934489.216323254,934489.269134218
"Cocoa","GISS-E2-1-H","adjust",273383.043459594,934489.586,0.550185409037432,0.440148327229946,0.385129786326202,0.330111245422459,934489.145851673,934489.200870214,934489.255888755
"Cocoa","INM-CM4-8","adjust",277399.864293143,934489.586,0.554678222880117,0.443742578304093,0.388274756016082,0.33280693372807,934489.142257422,934489.197725244,934489.253193066
"Cocoa","INM-CM5-0","adjust",263117.527685598,934489.586,0.549740499595804,0.439792399676643,0.384818349717062,0.329844299757482,934489.1462076,934489.20118165,934489.2561557
"Cocoa","IPSL-CM6A-LR","adjust",431049.06557858,934489.586,0.51432971862385,0.41146377489908,0.360030803036695,0.30859783117431,934489.174536225,934489.225969197,934489.277402169
"Cocoa","MIROC-ES2L","adjust",463272.287096471,934489.586,0.519231300575157,0.415385040460126,0.36346191040261,0.311538780345094,934489.17061496,934489.22253809,934489.27446122
"Cocoa","MIROC6","adjust",479537.929466039,934489.586,0.548439036494632,0.438751229195706,0.383907325546242,0.329063421896779,934489.147248771,934489.202092674,934489.256936578
"Cocoa","MPI-ESM1-2-HR","adjust",769018.424150586,934489.586,0.514799981869913,0.41183998549593,0.360359987308939,0.308879989121948,934489.174160014,934489.225640013,934489.277120011
"Cocoa","MPI-ESM1-2-LR","adjust",859211.287413538,934489.586,0.537529310248207,0.430023448198566,0.376270517173745,0.322517586148924,934489.155976552,934489.209729483,934489.263482414
"Cocoa","MRI-ESM2-0","adjust",243353.244544446,934489.586,0.555634485048051,0.444507588038441,0.388944139533636,0.33338069102883,934489.141492412,934489.19705586,934489.252619309
"Cocoa","UKESM1-0-LL","adjust",427001.240658611,934489.586,0.520222469880554,0.416177975904443,0.364155728916388,0.312133481928333,934489.169822024,934489.221844271,934489.273866518
"Cashew","ACCESS-CM2","adjust",60435.8360896334,97794.184,0.589937256262667,0.471949805010133,0.412956079383867,0.3539623537576,97793.712050195,97793.7710439206,97793.8300376462
"Cashew","ACCESS-ESM1-5","adjust",59132.0438529961,97794.184,0.584604717805698,0.467683774244559,0.409223302463989,0.350762830683419,97793.7163162257,97793.7747766975,97793.8332371693
"Cashew","AWI-CM-1-1-MR","adjust",47003.8302746043,97794.184,0.584244059423748,0.467395247538998,0.408970841596623,0.350546435654249,97793.7166047525,97793.7750291584,97793.8334535643
"Cashew","BCC-CSM2-MR","adjust",50864.9107293002,97794.184,0.587783119976246,0.470226495980997,0.411448183983372,0.352669871985748,97793.713773504,97793.772551816,97793.831330128
"Cashew","CanESM5-CanOE","adjust",58557.5826544911,97794.184,0.584904552461069,0.467923641968855,0.409433186722748,0.350942731476641,97793.716076358,97793.7745668133,97793.8330572685
"Cashew","CanESM5","adjust",58557.5826544911,97794.184,0.584904552461069,0.467923641968855,0.409433186722748,0.350942731476641,97793.716076358,97793.7745668133,97793.8330572685
"Cashew","CMCC-ESM2","adjust",61383.048654478,97794.184,0.579211426771039,0.463369141416831,0.405447998739727,0.347526856062623,97793.7206308586,97793.7785520013,97793.8364731439
"Cashew","CNRM-CM6-1-HR","adjust",53092.0407566242,97794.184,0.590613896950807,0.472491117560646,0.413429727865565,0.354368338170484,97793.7115088824,97793.7705702721,97793.8296316618
"Cashew","CNRM-CM6-1","adjust",53092.0407566242,97794.184,0.590613896950807,0.472491117560646,0.413429727865565,0.354368338170484,97793.7115088824,97793.7705702721,97793.8296316618
"Cashew","CNRM-ESM2-1","adjust",51107.3835774474,97794.184,0.589810332286787,0.47184826582943,0.412867232600751,0.353886199372072,97793.7121517342,97793.7711327674,97793.8301138006
"Cashew","EC-Earth3-Veg-LR","adjust",84075.0348231792,97794.184,0.581057776794312,0.46484622143545,0.406740443756018,0.348634666076587,97793.7191537786,97793.7772595562,97793.8353653339
"Cashew","EC-Earth3-Veg","adjust",84075.0348231792,97794.184,0.581057776794312,0.46484622143545,0.406740443756018,0.348634666076587,97793.7191537786,97793.7772595562,97793.8353653339
"Cashew","GFDL-ESM4","adjust",64660.3146829382,97794.184,0.576868683316628,0.461494946653303,0.40380807832164,0.346121209989977,97793.7225050533,97793.7801919217,97793.83787879
"Cashew","GISS-E2-1-G","adjust",50818.138554167,97794.184,0.591127838840939,0.472902271072752,0.413789487188657,0.354676703304564,97793.7110977289,97793.7702105128,97793.8293232967
"Cashew","GISS-E2-1-H","adjust",53556.6831282303,97794.184,0.596497755590021,0.477198204472017,0.417548428913014,0.357898653354012,97793.7068017955,97793.7664515711,97793.8261013466
"Cashew","INM-CM4-8","adjust",61978.9847242087,97794.184,0.590492495102993,0.472393996082394,0.413344746572095,0.354295497061796,97793.7116060039,97793.7706552534,97793.8297045029
"Cashew","INM-CM5-0","adjust",63854.2651210986,97794.184,0.595403878151744,0.476323102521395,0.416782714706221,0.357242326891046,97793.7076768975,97793.7672172853,97793.8267576731
"Cashew","IPSL-CM6A-LR","adjust",55006.7513492815,97794.184,0.590136529507973,0.472109223606378,0.413095570655581,0.354081917704784,97793.7118907764,97793.7709044293,97793.8299180823
"Cashew","MIROC-ES2L","adjust",56676.263623815,97794.184,0.59291694138359,0.474333553106872,0.415041858968513,0.355750164830154,97793.7096664469,97793.768958141,97793.8282498352
"Cashew","MIROC6","adjust",46297.3657063358,97794.184,0.584360019556421,0.467488015645137,0.409052013689495,0.350616011733853,97793.7165119844,97793.7749479863,97793.8333839883
"Cashew","MPI-ESM1-2-HR","adjust",48238.9905330501,97794.184,0.575193997674333,0.460155198139466,0.402635798372033,0.3451163986046,97793.7238448019,97793.7813642016,97793.8388836014
"Cashew","MPI-ESM1-2-LR","adjust",64409.0218907632,97794.184,0.579366831421619,0.463493465137295,0.405556781995133,0.347620098852971,97793.7205065349,97793.778443218,97793.8363799011
"Cashew","MRI-ESM2-0","adjust",54057.1000784747,97794.184,0.595899675386706,0.476719740309365,0.417129772770694,0.357539805232023,97793.7072802597,97793.7668702272,97793.8264601948
"Cashew","UKESM1-0-LL","adjust",55136.5968899839,97794.184,0.596742625266695,0.477394100213356,0.417719837686686,0.358045575160017,97793.7066058998,97793.7662801623,97793.8259544248
"Coconut","ACCESS-CM2","adjust",9116.66711274907,490312.672,6.14676696275763,4.91741357020611,4.30273687393034,3.68806017765458,490307.75458643,490308.369263126,490308.983939822
"Coconut","ACCESS-ESM1-5","adjust",9554.85242945608,490312.672,7.74631219689998,6.19704975751998,5.42241853782998,4.64778731813999,490306.474950242,490307.249581462,490308.024212682
"Coconut","AWI-CM-1-1-MR","adjust",13649.4572066534,490312.672,5.71866116075543,4.57492892860434,4.0030628125288,3.43119669645326,490308.097071071,490308.668937187,490309.240803304
"Coconut","BCC-CSM2-MR","adjust",16781.9778804313,490312.672,8.46676080974071,6.77340864779257,5.9267325668185,5.08005648584443,490305.898591352,490306.745267433,490307.591943514
"Coconut","CanESM5-CanOE","adjust",20670.3623174233,490312.672,5.18958898611908,4.15167118889527,3.63271229028336,3.11375339167145,490308.520328811,490309.03928771,490309.558246608
"Coconut","CanESM5","adjust",20670.3623174233,490312.672,5.18958898611908,4.15167118889527,3.63271229028336,3.11375339167145,490308.520328811,490309.03928771,490309.558246608
"Coconut","CMCC-ESM2","adjust",12027.6934793787,490312.672,5.87776148463053,4.70220918770442,4.11443303924137,3.52665689077832,490307.969790812,490308.557566961,490309.145343109
"Coconut","CNRM-CM6-1-HR","adjust",11825.2416607346,490312.672,5.58370460847243,4.46696368677795,3.9085932259307,3.35022276508346,490308.205036313,490308.763406774,490309.321777235
"Coconut","CNRM-CM6-1","adjust",11825.2416607346,490312.672,5.58370460847243,4.46696368677795,3.9085932259307,3.35022276508346,490308.205036313,490308.763406774,490309.321777235
"Coconut","CNRM-ESM2-1","adjust",18019.3964731349,490312.672,5.41883407047263,4.3350672563781,3.79318384933084,3.25130044228358,490308.336932744,490308.878816151,490309.420699558
"Coconut","EC-Earth3-Veg-LR","adjust",12428.1392362751,490312.672,7.07671888011897,5.66137510409518,4.95370321608328,4.24603132807138,490307.010624896,490307.718296784,490308.425968672
"Coconut","EC-Earth3-Veg","adjust",12428.1392362751,490312.672,7.07671888011897,5.66137510409518,4.95370321608328,4.24603132807138,490307.010624896,490307.718296784,490308.425968672
"Coconut","GFDL-ESM4","adjust",11719.4288264206,490312.672,5.75727062174811,4.60581649739849,4.03008943522368,3.45436237304887,490308.066183503,490308.641910565,490309.217637627
"Coconut","GISS-E2-1-G","adjust",25165.7610120978,490312.672,4.99183375478286,3.99346700382629,3.494283628348,2.99510025286972,490308.678532996,490309.177716372,490309.676899747
"Coconut","GISS-E2-1-H","adjust",19229.9417017568,490312.672,5.34401998959572,4.27521599167658,3.74081399271701,3.20641199375743,490308.396784008,490308.931186007,490309.465588006
"Coconut","INM-CM4-8","adjust",11088.2286633002,490312.672,7.32466247126278,5.85972997701022,5.12726372988394,4.39479748275767,490306.812270023,490307.54473627,490308.277202517
"Coconut","INM-CM5-0","adjust",9600.60709536076,490312.672,5.90545023863034,4.72436019090427,4.13381516704124,3.5432701431782,490307.947639809,490308.538184833,490309.128729857
"Coconut","IPSL-CM6A-LR","adjust",10739.287546712,490312.672,5.80133089598163,4.64106471678531,4.06093162718714,3.48079853758898,490308.030935283,490308.611068373,490309.191201462
"Coconut","MIROC-ES2L","adjust",13267.5901140319,490312.672,5.59970965278652,4.47976772222921,3.91979675695056,3.35982579167191,490308.192232278,490308.752203243,490309.312174208
"Coconut","MIROC6","adjust",11928.3992600804,490312.672,5.54005544971282,4.43204435977025,3.87803881479897,3.32403326982769,490308.23995564,490308.793961185,490309.34796673
"Coconut","MPI-ESM1-2-HR","adjust",14806.414656423,490312.672,5.44448439944078,4.35558751955263,3.81113907960855,3.26669063966447,490308.31641248,490308.86086092,490309.40530936
"Coconut","MPI-ESM1-2-LR","adjust",15350.6364749344,490312.672,5.83208090113082,4.66566472090466,4.08245663079157,3.49924854067849,490308.006335279,490308.589543369,490309.172751459
"Coconut","MRI-ESM2-0","adjust",18307.2305723978,490312.672,5.42498224524746,4.33998579619797,3.79748757167322,3.25498934714848,490308.332014204,490308.874512428,490309.417010653
"Coconut","UKESM1-0-LL","adjust",18889.2258118289,490312.672,5.34350320080468,4.27480256064374,3.74045224056327,3.20610192048281,490308.397197439,490308.931547759,490309.46589808
"Oil palm","ACCESS-CM2","adjust",74289.9488400919,276773.16,0.713989611323206,0.571191689058565,0.499792727926244,0.428393766793923,276772.588808311,276772.660207272,276772.731606233
"Oil palm","ACCESS-ESM1-5","adjust",44111.5520890085,276773.16,0.731631783408583,0.585305426726866,0.512142248386008,0.43897907004515,276772.574694573,276772.647857752,276772.72102093
"Oil palm","AWI-CM-1-1-MR","adjust",21758.6765475972,276773.16,0.735453695108197,0.588362956086557,0.514817586575738,0.441272217064918,276772.571637044,276772.645182413,276772.718727783
"Oil palm","BCC-CSM2-MR","adjust",22265.3637729408,276773.16,0.74441596877867,0.595532775022936,0.521091178145069,0.446649581267202,276772.564467225,276772.638908822,276772.713350419
"Oil palm","CanESM5-CanOE","adjust",67397.095834868,276773.16,0.722065972723811,0.577652778179049,0.505446180906668,0.433239583634287,276772.582347222,276772.654553819,276772.726760416
"Oil palm","CanESM5","adjust",67397.095834868,276773.16,0.722065972723811,0.577652778179049,0.505446180906668,0.433239583634287,276772.582347222,276772.654553819,276772.726760416
"Oil palm","CMCC-ESM2","adjust",33098.5743852938,276773.16,0.721298793148831,0.577039034519065,0.504909155204182,0.432779275889299,276772.582960965,276772.655090845,276772.727220724
"Oil palm","CNRM-CM6-1-HR","adjust",47754.9942746162,276773.16,0.723531382594544,0.578825106075635,0.506471967816181,0.434118829556726,276772.581174894,276772.653528032,276772.72588117
"Oil palm","CNRM-CM6-1","adjust",47754.9942746162,276773.16,0.723531382594544,0.578825106075635,0.506471967816181,0.434118829556726,276772.581174894,276772.653528032,276772.72588117
"Oil palm","CNRM-ESM2-1","adjust",37619.7897552513,276773.16,0.725994115697268,0.580795292557814,0.508195880988088,0.435596469418361,276772.579204707,276772.651804119,276772.724403531
"Oil palm","EC-Earth3-Veg-LR","adjust",14449.59432586,276773.16,0.740087586288294,0.592070069030635,0.518061310401805,0.444052551772976,276772.567929931,276772.64193869,276772.715947448
"Oil palm","EC-Earth3-Veg","adjust",14449.59432586,276773.16,0.740087586288294,0.592070069030635,0.518061310401805,0.444052551772976,276772.567929931,276772.64193869,276772.715947448
"Oil palm","GFDL-ESM4","adjust",76389.2505888762,276773.16,0.718973063124304,0.575178450499443,0.503281144187013,0.431383837874583,276772.584821549,276772.656718856,276772.728616162
"Oil palm","GISS-E2-1-G","adjust",62258.244649996,276773.16,0.725098592100881,0.580078873680704,0.507569014470616,0.435059155260528,276772.579921126,276772.652430986,276772.724940845
"Oil palm","GISS-E2-1-H","adjust",69281.1738100732,276773.16,0.720484879543794,0.576387903635035,0.504339415680656,0.432290927726276,276772.583612096,276772.655660584,276772.727709072
"Oil palm","INM-CM4-8","adjust",16595.0435670698,276773.16,0.738859915205934,0.591087932164747,0.517201940644153,0.44331594912356,276772.568912068,276772.642798059,276772.716684051
"Oil palm","INM-CM5-0","adjust",22960.5022829548,276773.16,0.727129762428283,0.581703809942626,0.508990833699798,0.43627785745697,276772.57829619,276772.651009166,276772.723722143
"Oil palm","IPSL-CM6A-LR","adjust",61702.0053962432,276773.16,0.720880278412139,0.576704222729711,0.504616194888497,0.432528167047283,276772.583295777,276772.655383805,276772.727471833
"Oil palm","MIROC-ES2L","adjust",59099.7161358111,276773.16,0.718619511545061,0.574895609236049,0.503033658081543,0.431171706927037,276772.585104391,276772.656966342,276772.728828293
"Oil palm","MIROC6","adjust",33555.8950846866,276773.16,0.72599937784131,0.580799502273048,0.508199564488917,0.435599626704786,276772.579200498,276772.651800436,276772.724400373
"Oil palm","MPI-ESM1-2-HR","adjust",16847.8346792189,276773.16,0.7403655737255,0.5922924589804,0.51825590160785,0.4442193442353,276772.567707541,276772.641744098,276772.715780656
"Oil palm","MPI-ESM1-2-LR","adjust",19242.8734247526,276773.16,0.746603431543498,0.597282745234798,0.522622402080448,0.447962058926099,276772.562717255,276772.637377598,276772.712037941
"Oil palm","MRI-ESM2-0","adjust",57735.0990019981,276773.16,0.721624127078998,0.577299301663199,0.505136888955299,0.432974476247399,276772.582700698,276772.654863111,276772.727025524
"Oil palm","UKESM1-0-LL","adjust",87271.0304501569,276773.16,0.718256652680802,0.574605322144642,0.502779656876561,0.430953991608481,276772.585394678,276772.657220343,276772.729046008
"Rubber","ACCESS-CM2","adjust",30923.6339025553,70900,1.06338821401003,0.850710571208025,0.744371749807022,0.638032928406019,70899.1492894288,70899.2556282502,70899.3619670716
"Rubber","ACCESS-ESM1-5","adjust",26004.0800212268,70900,1.04108005342231,0.832864042737848,0.728756037395617,0.624648032053386,70899.1671359573,70899.2712439626,70899.3753519679
"Rubber","AWI-CM-1-1-MR","adjust",20270.717030568,70900,1.06843378090327,0.854747024722614,0.747903646632288,0.641060268541961,70899.1452529753,70899.2520963534,70899.3589397315
"Rubber","BCC-CSM2-MR","adjust",23815.0902846418,70900,1.03928054160378,0.831424433283027,0.727496379122648,0.62356832496227,70899.1685755667,70899.2725036209,70899.376431675
"Rubber","CanESM5-CanOE","adjust",29806.3736288436,70900,1.07840243184891,0.862721945479129,0.754881702294238,0.647041459109347,70899.1372780545,70899.2451182977,70899.3529585409
"Rubber","CanESM5","adjust",29806.3736288436,70900,1.07840243184891,0.862721945479129,0.754881702294238,0.647041459109347,70899.1372780545,70899.2451182977,70899.3529585409
"Rubber","CMCC-ESM2","adjust",24192.3366257679,70900,1.04529641226993,0.836237129815943,0.73170748858895,0.627177847361957,70899.1637628702,70899.2682925114,70899.3728221526
"Rubber","CNRM-CM6-1-HR","adjust",23991.7278447822,70900,1.06291410724081,0.850331285792647,0.744039875068566,0.637748464344486,70899.1496687142,70899.2559601249,70899.3622515357
"Rubber","CNRM-CM6-1","adjust",23991.7278447822,70900,1.06291410724081,0.850331285792647,0.744039875068566,0.637748464344486,70899.1496687142,70899.2559601249,70899.3622515357
"Rubber","CNRM-ESM2-1","adjust",22974.7541555949,70900,1.05190873879081,0.841526991032652,0.73633611715357,0.631145243274489,70899.158473009,70899.2636638828,70899.3688547567
"Rubber","EC-Earth3-Veg-LR","adjust",31072.9709289502,70900,1.07629317192332,0.861034537538656,0.753405220346324,0.645775903153992,70899.1389654625,70899.2465947797,70899.3542240969
"Rubber","EC-Earth3-Veg","adjust",31072.9709289502,70900,1.07629317192332,0.861034537538656,0.753405220346324,0.645775903153992,70899.1389654625,70899.2465947797,70899.3542240969
"Rubber","GFDL-ESM4","adjust",22907.8636867739,70900,1.01315163231178,0.810521305849422,0.709206142618244,0.607890979387066,70899.1894786942,70899.2907938574,70899.3921090206
"Rubber","GISS-E2-1-G","adjust",24891.7192273475,70900,1.03598188128499,0.82878550502799,0.725187316899491,0.621589128770993,70899.171214495,70899.2748126831,70899.3784108712
"Rubber","GISS-E2-1-H","adjust",19967.6470495239,70900,1.03617451057019,0.82893960845615,0.725322157399131,0.621704706342113,70899.1710603915,70899.2746778426,70899.3782952937
"Rubber","INM-CM4-8","adjust",30439.932489479,70900,1.04526081745016,0.836208653960129,0.731682572215112,0.627156490470096,70899.163791346,70899.2683174278,70899.3728435095
"Rubber","INM-CM5-0","adjust",31326.673597021,70900,1.06633787895498,0.853070303163986,0.746436515268488,0.639802727372989,70899.1469296968,70899.2535634847,70899.3601972726
"Rubber","IPSL-CM6A-LR","adjust",20749.8394617829,70900,1.0473290481513,0.837863238521043,0.733130333705912,0.628397428890782,70899.1621367615,70899.2668696663,70899.3716025711
"Rubber","MIROC-ES2L","adjust",29914.3550080601,70900,1.05495329492235,0.843962635937879,0.738467306445644,0.632971976953409,70899.1560373641,70899.2615326935,70899.367028023
"Rubber","MIROC6","adjust",24142.4977966808,70900,1.04111682932918,0.832893463463344,0.728781780530426,0.624670097597508,70899.1671065365,70899.2712182195,70899.3753299024
"Rubber","MPI-ESM1-2-HR","adjust",20235.2818404566,70900,1.07201188321054,0.857609506568436,0.750408318247381,0.643207129926327,70899.1423904934,70899.2495916818,70899.3567928701
"Rubber","MPI-ESM1-2-LR","adjust",22471.8529839348,70900,1.08775669308132,0.870205354465055,0.761429685156923,0.652654015848791,70899.1297946455,70899.2385703148,70899.3473459841
"Rubber","MRI-ESM2-0","adjust",24665.9591861684,70900,1.02411430153401,0.819291441227211,0.71688001107381,0.614468580920408,70899.1807085588,70899.2831199889,70899.3855314191
"Rubber","UKESM1-0-LL","adjust",29939.6290131267,70900,1.08398209895145,0.867185679161163,0.758787469266018,0.650389259370872,70899.1328143208,70899.2412125307,70899.3496107406
"Mango","ACCESS-CM2","adjust",3332.70330832247,101540.618,19.3782170056913,15.502573604553,13.5647519039839,11.6269302034147,101525.115426395,101527.053248096,101528.991069797
"Mango","ACCESS-ESM1-5","adjust",2651.31392511073,101540.618,18.413987573246,14.7311900585968,12.8897913012722,11.0483925439476,101525.886809941,101527.728208699,101529.569607456
"Mango","AWI-CM-1-1-MR","adjust",1882.92075002287,101540.618,18.8406735982817,15.0725388786254,13.1884715187972,11.304404158969,101525.545461121,101527.429528481,101529.313595841
"Mango","BCC-CSM2-MR","adjust",2608.95480625797,101540.618,18.5272283503627,14.8217826802901,12.9690598452539,11.1163370102176,101525.79621732,101527.648940155,101529.50166299
"Mango","CanESM5-CanOE","adjust",3014.66226737667,101540.618,17.0565886924596,13.6452709539677,11.9396120847217,10.2339532154758,101526.972729046,101528.678387915,101530.384046785
"Mango","CanESM5","adjust",3014.66226737667,101540.618,17.0565886924596,13.6452709539677,11.9396120847217,10.2339532154758,101526.972729046,101528.678387915,101530.384046785
"Mango","CMCC-ESM2","adjust",1346.01755948458,101540.618,18.4571199023336,14.7656959218669,12.9199839316335,11.0742719414001,101525.852304078,101527.698016068,101529.543728059
"Mango","CNRM-CM6-1-HR","adjust",2798.98959037382,101540.618,17.2654969805063,13.812397584405,12.0858478863544,10.3592981883038,101526.805602416,101528.532152114,101530.258701812
"Mango","CNRM-CM6-1","adjust",2798.98959037382,101540.618,17.2654969805063,13.812397584405,12.0858478863544,10.3592981883038,101526.805602416,101528.532152114,101530.258701812
"Mango","CNRM-ESM2-1","adjust",1442.02999750245,101540.618,17.6583816810282,14.1267053448225,12.3608671767197,10.5950290086169,101526.491294655,101528.257132823,101530.022970991
"Mango","EC-Earth3-Veg-LR","adjust",3478.98054422904,101540.618,20.331338386418,16.2650707091344,14.2319368704926,12.1988030318508,101524.352929291,101526.38606313,101528.419196968
"Mango","EC-Earth3-Veg","adjust",3478.98054422904,101540.618,20.331338386418,16.2650707091344,14.2319368704926,12.1988030318508,101524.352929291,101526.38606313,101528.419196968
"Mango","GFDL-ESM4","adjust",3012.16129562724,101540.618,19.3766672488419,15.5013337990735,13.5636670741893,11.6260003493051,101525.116666201,101527.054332926,101528.991999651
"Mango","GISS-E2-1-G","adjust",2309.80079776887,101540.618,16.8789973165587,13.503197853247,11.8152981215911,10.1273983899352,101527.114802147,101528.802701878,101530.49060161
"Mango","GISS-E2-1-H","adjust",2181.33509873319,101540.618,17.5922800934684,14.0738240747747,12.3145960654279,10.555368056081,101526.544175925,101528.303403935,101530.062631944
"Mango","INM-CM4-8","adjust",2490.93796973769,101540.618,18.417780551782,14.7342244414256,12.8924463862474,11.0506683310692,101525.883775559,101527.725553614,101529.567331669
"Mango","INM-CM5-0","adjust",2251.3039614642,101540.618,17.6781387810316,14.1425110248253,12.3746971467221,10.606883268619,101526.475488975,101528.243302853,101530.011116731
"Mango","IPSL-CM6A-LR","adjust",2468.83420665283,101540.618,17.1311281077729,13.7049024862183,11.991789675441,10.2786768646637,101526.913097514,101528.626210325,101530.339323135
"Mango","MIROC-ES2L","adjust",2553.57821061183,101540.618,17.0283033731439,13.6226426985151,11.9198123612007,10.2169820238864,101526.995357301,101528.698187639,101530.401017976
"Mango","MIROC6","adjust",1614.21183795575,101540.618,18.0526095731414,14.4420876585132,12.636826701199,10.8315657438849,101526.175912341,101527.981173299,101529.786434256
"Mango","MPI-ESM1-2-HR","adjust",828.381148998626,101540.618,19.5311309896946,15.6249047917556,13.6717916927862,11.7186785938167,101524.993095208,101526.946208307,101528.899321406
"Mango","MPI-ESM1-2-LR","adjust",1403.01300214697,101540.618,18.2405593970259,14.5924475176207,12.7683915779181,10.9443356382155,101526.025552482,101527.849608422,101529.673664362
"Mango","MRI-ESM2-0","adjust",1960.84431306738,101540.618,17.3938341692427,13.9150673353942,12.1756839184699,10.4363005015456,101526.702932665,101528.442316082,101530.181699498
"Mango","UKESM1-0-LL","adjust",2793.46043974999,101540.618,17.9381956505517,14.3505565204414,12.5567369553862,10.762917390331,101526.26744348,101528.061263045,101529.85508261
"Cocoa","ACCESS-CM2","transform",8313.11191418767,934489.586,0.503499890385215,0.402799912308172,0.35244992326965,0.302099934231129,934489.183200088,934489.233550077,934489.283900066
"Cocoa","ACCESS-ESM1-5","transform",433.455653972924,934489.586,0.516775125891887,0.413420100713509,0.361742588124321,0.310065075535132,934489.172579899,934489.224257412,934489.275934924
"Cocoa","BCC-CSM2-MR","transform",111.39814555645,934489.586,0.555751422374957,0.444601137899966,0.38902599566247,0.333450853424974,934489.141398862,934489.196974004,934489.252549147
"Cocoa","CanESM5-CanOE","transform",5839.68611422926,934489.586,0.523358064654035,0.418686451723228,0.366350645257824,0.314014838792421,934489.167313548,934489.219649355,934489.271985161
"Cocoa","CanESM5","transform",5839.68611422926,934489.586,0.523358064654035,0.418686451723228,0.366350645257824,0.314014838792421,934489.167313548,934489.219649355,934489.271985161
"Cocoa","CMCC-ESM2","transform",9003.60269485414,934489.586,0.537622826552975,0.43009826124238,0.376335978587082,0.322573695931785,934489.155901739,934489.209664021,934489.263426304
"Cocoa","CNRM-CM6-1-HR","transform",4302.8465468511,934489.586,0.539855377958373,0.431884302366698,0.377898764570861,0.323913226775024,934489.154115698,934489.208101235,934489.262086773
"Cocoa","CNRM-CM6-1","transform",4302.8465468511,934489.586,0.539855377958373,0.431884302366698,0.377898764570861,0.323913226775024,934489.154115698,934489.208101235,934489.262086773
"Cocoa","CNRM-ESM2-1","transform",4173.33177065849,934489.586,0.481920199952011,0.385536159961609,0.337344139966407,0.289152119971206,934489.20046384,934489.24865586,934489.29684788
"Cocoa","EC-Earth3-Veg-LR","transform",741.057210169733,934489.586,0.505043332497598,0.404034665998078,0.353530332748318,0.303025999498559,934489.181965334,934489.232469667,934489.282974001
"Cocoa","EC-Earth3-Veg","transform",741.057210169733,934489.586,0.505043332497598,0.404034665998078,0.353530332748318,0.303025999498559,934489.181965334,934489.232469667,934489.282974001
"Cocoa","GFDL-ESM4","transform",605.830722607672,934489.586,0.520814443490461,0.416651554792369,0.364570110443323,0.312488666094276,934489.169348445,934489.22142989,934489.273511334
"Cocoa","GISS-E2-1-G","transform",1158.57220069319,934489.586,0.528109637245934,0.422487709796747,0.369676746072154,0.31686578234756,934489.16351229,934489.216323254,934489.269134218
"Cocoa","GISS-E2-1-H","transform",3327.91907075793,934489.586,0.550185409037432,0.440148327229946,0.385129786326202,0.330111245422459,934489.145851673,934489.200870214,934489.255888755
"Cocoa","INM-CM4-8","transform",73.3776531815529,934489.586,0.554678222880117,0.443742578304093,0.388274756016082,0.33280693372807,934489.142257422,934489.197725244,934489.253193066
"Cocoa","INM-CM5-0","transform",34.806140422821,934489.586,0.549740499595804,0.439792399676643,0.384818349717062,0.329844299757482,934489.1462076,934489.20118165,934489.2561557
"Cocoa","IPSL-CM6A-LR","transform",882.202443920076,934489.586,0.51432971862385,0.41146377489908,0.360030803036695,0.30859783117431,934489.174536225,934489.225969197,934489.277402169
"Cocoa","MIROC-ES2L","transform",2237.94477818161,934489.586,0.519231300575157,0.415385040460126,0.36346191040261,0.311538780345094,934489.17061496,934489.22253809,934489.27446122
"Cocoa","MIROC6","transform",287.132453195751,934489.586,0.548439036494632,0.438751229195706,0.383907325546242,0.329063421896779,934489.147248771,934489.202092674,934489.256936578
"Cocoa","MPI-ESM1-2-HR","transform",3.035236120224,934489.586,0.514799981869913,0.41183998549593,0.360359987308939,0.308879989121948,934489.174160014,934489.225640013,934489.277120011
"Cocoa","MRI-ESM2-0","transform",1662.91306076199,934489.586,0.555634485048051,0.444507588038441,0.388944139533636,0.33338069102883,934489.141492412,934489.19705586,934489.252619309
"Cocoa","UKESM1-0-LL","transform",8511.12996838242,934489.586,0.520222469880554,0.416177975904443,0.364155728916388,0.312133481928333,934489.169822024,934489.221844271,934489.273866518
"Coconut","ACCESS-ESM1-5","transform",0,490312.672,7.74631219689998,6.19704975751998,5.42241853782998,4.64778731813999,490306.474950242,490307.249581462,490308.024212682
"Coconut","BCC-CSM2-MR","transform",0,490312.672,8.46676080974071,6.77340864779257,5.9267325668185,5.08005648584443,490305.898591352,490306.745267433,490307.591943514
"Coconut","CMCC-ESM2","transform",0,490312.672,5.87776148463053,4.70220918770442,4.11443303924137,3.52665689077832,490307.969790812,490308.557566961,490309.145343109
"Coconut","CNRM-CM6-1-HR","transform",0,490312.672,5.58370460847243,4.46696368677795,3.9085932259307,3.35022276508346,490308.205036313,490308.763406774,490309.321777235
"Coconut","CNRM-CM6-1","transform",0,490312.672,5.58370460847243,4.46696368677795,3.9085932259307,3.35022276508346,490308.205036313,490308.763406774,490309.321777235
"Coconut","CNRM-ESM2-1","transform",0,490312.672,5.41883407047263,4.3350672563781,3.79318384933084,3.25130044228358,490308.336932744,490308.878816151,490309.420699558
"Coconut","GISS-E2-1-G","transform",0,490312.672,4.99183375478286,3.99346700382629,3.494283628348,2.99510025286972,490308.678532996,490309.177716372,490309.676899747
"Coconut","GISS-E2-1-H","transform",0,490312.672,5.34401998959572,4.27521599167658,3.74081399271701,3.20641199375743,490308.396784008,490308.931186007,490309.465588006
"Coconut","INM-CM4-8","transform",0,490312.672,7.32466247126278,5.85972997701022,5.12726372988394,4.39479748275767,490306.812270023,490307.54473627,490308.277202517
"Coconut","INM-CM5-0","transform",0,490312.672,5.90545023863034,4.72436019090427,4.13381516704124,3.5432701431782,490307.947639809,490308.538184833,490309.128729857
"Coconut","MIROC-ES2L","transform",0,490312.672,5.59970965278652,4.47976772222921,3.91979675695056,3.35982579167191,490308.192232278,490308.752203243,490309.312174208
"Rubber","MPI-ESM1-2-LR","transform",10.7938198298216,70900,1.08775669308132,0.870205354465055,0.761429685156923,0.652654015848791,70899.1297946455,70899.2385703148,70899.3473459841
"Mango","ACCESS-CM2","transform",809.217787878588,101540.618,19.3782170056913,15.502573604553,13.5647519039839,11.6269302034147,101525.115426395,101527.053248096,101528.991069797
"Mango","ACCESS-ESM1-5","transform",1114.75156513788,101540.618,18.413987573246,14.7311900585968,12.8897913012722,11.0483925439476,101525.886809941,101527.728208699,101529.569607456
"Mango","AWI-CM-1-1-MR","transform",153.616751698777,101540.618,18.8406735982817,15.0725388786254,13.1884715187972,11.304404158969,101525.545461121,101527.429528481,101529.313595841
"Mango","BCC-CSM2-MR","transform",656.870196281001,101540.618,18.5272283503627,14.8217826802901,12.9690598452539,11.1163370102176,101525.79621732,101527.648940155,101529.50166299
"Mango","CanESM5-CanOE","transform",703.475221255794,101540.618,17.0565886924596,13.6452709539677,11.9396120847217,10.2339532154758,101526.972729046,101528.678387915,101530.384046785
"Mango","CanESM5","transform",703.475221255794,101540.618,17.0565886924596,13.6452709539677,11.9396120847217,10.2339532154758,101526.972729046,101528.678387915,101530.384046785
"Mango","CMCC-ESM2","transform",645.911340979859,101540.618,18.4571199023336,14.7656959218669,12.9199839316335,11.0742719414001,101525.852304078,101527.698016068,101529.543728059
"Mango","CNRM-CM6-1-HR","transform",791.659155687317,101540.618,17.2654969805063,13.812397584405,12.0858478863544,10.3592981883038,101526.805602416,101528.532152114,101530.258701812
"Mango","CNRM-CM6-1","transform",791.659155687317,101540.618,17.2654969805063,13.812397584405,12.0858478863544,10.3592981883038,101526.805602416,101528.532152114,101530.258701812
"Mango","CNRM-ESM2-1","transform",371.231951924041,101540.618,17.6583816810282,14.1267053448225,12.3608671767197,10.5950290086169,101526.491294655,101528.257132823,101530.022970991
"Mango","EC-Earth3-Veg-LR","transform",857.381682194769,101540.618,20.331338386418,16.2650707091344,14.2319368704926,12.1988030318508,101524.352929291,101526.38606313,101528.419196968
"Mango","EC-Earth3-Veg","transform",857.381682194769,101540.618,20.331338386418,16.2650707091344,14.2319368704926,12.1988030318508,101524.352929291,101526.38606313,101528.419196968
"Mango","GFDL-ESM4","transform",1130.07807044871,101540.618,19.3766672488419,15.5013337990735,13.5636670741893,11.6260003493051,101525.116666201,101527.054332926,101528.991999651
"Mango","GISS-E2-1-G","transform",1113.91503160633,101540.618,16.8789973165587,13.503197853247,11.8152981215911,10.1273983899352,101527.114802147,101528.802701878,101530.49060161
"Mango","GISS-E2-1-H","transform",1179.89906888269,101540.618,17.5922800934684,14.0738240747747,12.3145960654279,10.555368056081,101526.544175925,101528.303403935,101530.062631944
"Mango","INM-CM4-8","transform",993.430758899078,101540.618,18.417780551782,14.7342244414256,12.8924463862474,11.0506683310692,101525.883775559,101527.725553614,101529.567331669
"Mango","INM-CM5-0","transform",1084.77862936072,101540.618,17.6781387810316,14.1425110248253,12.3746971467221,10.606883268619,101526.475488975,101528.243302853,101530.011116731
"Mango","IPSL-CM6A-LR","transform",662.400122536346,101540.618,17.1311281077729,13.7049024862183,11.991789675441,10.2786768646637,101526.913097514,101528.626210325,101530.339323135
"Mango","MIROC-ES2L","transform",826.948267290369,101540.618,17.0283033731439,13.6226426985151,11.9198123612007,10.2169820238864,101526.995357301,101528.698187639,101530.401017976
"Mango","MIROC6","transform",775.302361080423,101540.618,18.0526095731414,14.4420876585132,12.636826701199,10.8315657438849,101526.175912341,101527.981173299,101529.786434256
"Mango","MPI-ESM1-2-HR","transform",253.917210074142,101540.618,19.5311309896946,15.6249047917556,13.6717916927862,11.7186785938167,101524.993095208,101526.946208307,101528.899321406
"Mango","MPI-ESM1-2-LR","transform",323.32434448041,101540.618,18.2405593970259,14.5924475176207,12.7683915779181,10.9443356382155,101526.025552482,101527.849608422,101529.673664362
"Mango","MRI-ESM2-0","transform",1086.68111841939,101540.618,17.3938341692427,13.9150673353942,12.1756839184699,10.4363005015456,101526.702932665,101528.442316082,101530.181699498
"Mango","UKESM1-0-LL","transform",752.790209582075,101540.618,17.9381956505517,14.3505565204414,12.5567369553862,10.762917390331,101526.26744348,101528.061263045,101529.85508261
